input,format,comp,quality,w,h,bytes,iters,ns_per_encode,ns_per_pixel,Mpixel_per_s
corpus/plasma_512.png,png,3,8,512,512,508230,6,15622366.2,59.5946,16.78
corpus/plasma_512.png,png,4,8,512,512,591211,5,18239759.2,69.5792,14.37
corpus/plasma_512.png,png,3,5,512,512,512423,7,14284920.4,54.4926,18.35
corpus/plasma_512.png,jpg,3,90,512,512,57581,70,1430712.9,5.4577,183.23
corpus/plasma_512.png,jpg,3,75,512,512,37586,80,1257506.1,4.7970,208.46
corpus/plasma_512.png,jpg,3,50,512,512,27628,79,1147648.9,4.3779,228.42
corpus/plasma_512.png,bmp,3,8,512,512,786486,315,326428.0,1.2452,803.07
corpus/plasma_512.png,tga,3,8,512,512,787584,119,870369.9,3.3202,301.19
corpus/plasma_512.png,tga,4,8,512,512,1048581,135,757684.0,2.8903,345.98
corpus/plasma_512.png,hdr,3,8,512,512,834820,50,1877049.8,7.1604,139.66
corpus/grad_640_480.png,png,3,8,640,480,16274,56,1731655.0,5.6369,177.40
corpus/grad_640_480_gray.png,png,1,8,640,480,21777,80,1264944.5,4.1177,242.86
corpus/grad_640_480_rgba.png,png,4,8,640,480,20502,42,2169276.5,7.0614,141.61
corpus/plasma_512_pal.png,png,3,8,512,512,402594,7,12903640.0,49.2235,20.32
gen:random,png,3,8,512,512,787132,3,27722764.3,105.7540,9.46
gen:grad,png,3,8,1024,768,32929,26,3773024.9,4.7976,208.44
gen:plasma,jpg,3,90,1024,768,62287,33,2973187.5,3.7806,264.51
