input,format,comp,quality,upstream_ns_per_pixel,fork_ns_per_pixel,speedup
corpus/plasma_512.png,hdr,3,8,6.7853,7.1604,0.9476146583989722
corpus/plasma_512.png,tga,3,8,3.5375,3.3202,1.0654478645864707
gen:random,png,3,8,113.3761,105.754,1.0720738695463055
corpus/plasma_512.png,bmp,3,8,1.9483,1.2452,1.5646482492772245
corpus/plasma_512_pal.png,png,3,8,79.5205,49.2235,1.6154986947291434
corpus/plasma_512.png,jpg,3,90,8.9105,5.4577,1.6326474522234642
corpus/plasma_512.png,png,3,5,90.6098,54.4926,1.6627909110594834
corpus/plasma_512.png,png,3,8,101.0668,59.5946,1.6959053337047316
corpus/plasma_512.png,tga,4,8,5.0214,2.8903,1.7373283050202402
corpus/plasma_512.png,jpg,3,75,8.3971,4.797,1.75048988951428
corpus/plasma_512.png,jpg,3,50,7.9533,4.3779,1.8166929349688203
corpus/plasma_512.png,png,4,8,126.7893,69.5792,1.8222299192862235
corpus/grad_640_480_rgba.png,png,4,8,13.3493,7.0614,1.8904608151358087
corpus/grad_640_480.png,png,3,8,10.7192,5.6369,1.9016125884794837
gen:grad,png,3,8,9.4306,4.7976,1.9656911789227947
gen:plasma,jpg,3,90,7.7033,3.7806,2.037586626461408
corpus/grad_640_480_gray.png,png,1,8,8.8608,4.1177,2.151880904388372
GEOMEAN,,,,,,1.6271588522395586
